<?xml version="1.0" encoding="UTF-8"?>
<beans xmlns="http://www.springframework.org/schema/beans" xmlns:xsi="http://www.w3.org/2001/XMLSchema-instance"
	xsi:schemaLocation="http://www.springframework.org/schema/beans http://www.springframework.org/schema/beans/spring-beans-3.0.xsd">
	
	<bean class="org.springframework.beans.factory.config.PropertyPlaceholderConfigurer" />

    <import resource="classpath:/transfunc.spring.xml"/>
	<bean id="ognlUtil" class="com.lingbobu.flashdb.utils.OgnlUtil" />
	
	<bean id="Highlight" class="com.lingbobu.flashdb.function.Highlight" />
	<bean id="KeywordsProb" class="com.lingbobu.flashdb.function.KeywordsProb" />

    <bean id="IKTokenizerConf" class="org.wltea.analyzer.cfg.BasicConf">
        <constructor-arg value="${FLASHDB_HOME}/plugin/ik-dict" />
	</bean>
    <bean id="IKTokenizer" class="org.wltea.analyzer.lucene.IKTokenizerFactory" lazy-init="true">
        <constructor-arg ref="IKTokenizerConf" />
	</bean>

    <bean id="StanfordTokenizer" class="com.lingbobu.flashdb.stanford.StanfordTokenizerFactory" lazy-init="true">
        <constructor-arg value="${FLASHDB_HOME}/plugin/stanford-segmenter-data" />
	</bean>

    <bean id="dataSource1" class="org.apache.commons.dbcp.BasicDataSource" lazy-init="true">  
        <property name="driverClassName" value="com.mysql.jdbc.Driver"></property>
        <property name="url" value="jdbc:mysql://127.0.0.1:3306/lingbobu?characterEncoding=UTF8"></property>
        <property name="username" value="root" />
        <property name="password" value="pwd" />
        <property name="initialSize" value="1" />
        <property name="maxActive" value="5" />
    </bean>

</beans>
